name,id,drive_resource
Albany1870,1feluqVtQMVwzpgsN8EWxYjoT6sUQCyeifmvhbCCIflw,
VAFlorida1870,1lYI2yIp-7vWyIqvdzqeZCFHxMO1DOZG63syOQx5-l-E,
Dubuque1870,1PJ5tZbUy45PYIYpJeTgsuD9L-Z5mFK0NTkNmAMSRLXk,
Detroit1870,11ppwVHttIDCrmTGvlz3HcE4qpOwWGjlkXB6EZXhN4CQ,
Covington1870,1SXddGUhH3VpxKufHygf2ZPrdD9haZyxhw8yRJrg0k4Y,
Columbus1870,1LJZ8KasVw8m8lPeAYP-zCi8OqZgW-9lTQwF3URGF0nY,
Cleveland1870,13ji_V1wGi0h42R7J_OVfawuXSByNvE7tvtaFqBLGQ6U,
Cincinnati1870,1EbuYi3RQex_jt6OiqWvGZJQxkcgAtlAnm8ZoahlwemI,
Chicago1870,1pWfJd-VGs-O27XPdjonkIYxlz61FiuzzBlN3SWnd6yA,
Charleston1870,12mu7xvIGZbkxi9LOhaP4K6K6x18WVCdvmf7lWhP2EXc,
Burlington1870,1FR3Uk3foOm-t_JCQKwcBfeNJcpKHJhyjdYaGIAf_ZW4,
Buffalo1870,19O6TbEce5TIclzX5HImozH0qSz1neqmkwZg7iGpDcEE,
Brooklyn1870,14Yi2LkQiipRjgxzj9i-vd7NFEIv8zEAyS4ZdrStmFQQ,
Boston1870,1Ym9JtFBw72yYQyeqPuKF95PFFgcM6D5T8mOk5Sc89S8,
Natchitoches1870,1z1RWW0B24imB5zPQURSXkfZJm65OREwwCg2mlsJU3Wc,
NewYorkCity1870,1wZo8kXChSF_JK_pkD5Hnpu8HWD_9NT637TSb9TJOAKs,
GrassValley1870,1Jg8mzqsmMnaTeLxi13xDz9Gpf69Vqx9xzLAD03bZLYs,
Harrisburg1870,1WtZqbQ1N3UgheS6Pio6hYhr2fq0NCaAp7U71xa3qEFc,
Savannah1870,11-7ivKWXZHna-Lw94R-db8Eb7gsY6C_AYiug8DldaiY,
GreenBay1870,1qz-RKI4u85tr_kQqjx2-CNJgYG6TAmnbuD5WvjfEcaM,
Milwaukee1870,1MHjkns_vcuGyzNB1b5hbUybSL65VChRqOgLRETbEXKA,
SanFrancisco1870,1ZaZAKsDLjvzwYSt1FvhiL8KD1Yp7DomqACZLop7OuH0,
VANorthCarolina1870,1oGaUGo5yJU8YwNWGMikUAWiSjkqP8WfQM4tFh05JRLU,
StJoseph1870,1m6z5QpR6acyUSJGZV-QEWmDhmLko5cOrJ4eJvmK3FKw,
Rochester1870,1D2ZFMPIgYFZ1wQJZq_XfBnlcx82yHAzGiea_bVEVi9g,
LaCrosse1870,16JzPPS3HQCIR9t-TsqsDp8oc9ZHj58WCSizJGGRLJsI,
Pittsburgh1870,1pHFoiKSoHbbZ_JrHkEKmVPMdtitZRMYgA3oYumDiLm0,
Hartford1870,1qFaQWVwfD0XWcafB2yP9BZwQuFcie4gn3d92dXbzERw,
Wheeling1870,1_21SXjmvbXF85g77XL7wKSJKGuFLyK0Upklf00Ao-f4,
Vincennes1870,1SgX7akbv-bhxwQiSQfx5cZNawPkP2L73fVoAS6vmAqk,
VANebraska1870,1rye_6a66TE1kXAKa4MtIKcHWWLA4huv4qTdFJ8yr_x0,
VAKansas1870,1YCta4_6RgT2qZl2cjMPLEJGwl9H5TkJPzXCsM1WahP8,
VAColoradoUtah1870,1RRcRHYVgY8Ct5hyiY22_pSpnTSraMY1dTvhgCX9fwOs,
StPaul1870,1zugIYUqEUR7kiQAYVJBZFJO8_keWssVjWNVZyYrVXJ8,
StLouis1870,1SXYyLrESF7xJQFB4JMGrEtihSc2s_gsX_zxsK69mDJw,
Scranton1870,1O_pvOA6HSpbNi9nameC8gPOJg6chpRdJMkZrGCGDIkI,
SantaFe1870,1nvrS0A1X7I1VAYIZRRYgSdQeV45J_Likdoh9Vy3vryE,
Portland1870,1JBO8Dn1cyIJKyXywp8Y2SNzQ051Ab9C6ty7Ly1SSgBY,
Philadelphia1870,1lfjNyc1aO2drzT44SVdeDutFQ5ikxD2WFKINFbfIvcA,
OregonCity1870,121bG-Gilf8baM3fgF9UsXrn8m5mVmXmXQPidMU7xwac,
NewOrleans1870,1l2PzmqpappLT23JecTQeZq4VpUdPc7SYHjarJJ7HWwA,
Nesqualy1870,1DGfm1ABSfT5bGrDt1BxMTP5CSoq0UdnH18VjxOhYlX8,
Natchez1870,16QJRLRqgNEnm51VaL73LuyPla_TvzyyVXeUL4qk5uLU,
Nashville1870,1MFtvDBJlH1av9dehIEMETizEkcPC_1HWwFwHNLXUiI8,
Monterey1870,1-4RBX0dTpd8kejUigdSXYGCpSZDfiC4HuiUf8q7u5Xs,
Mobile1870,1ifVZV2Woz0c0Gg_62CgPAGiN0gORJoWBLUZ2XWQXUFM,
Marquette1870,1u1PubNSygfVirQxlmQ3Fztu--Mkh2Is1Si9ivpGBlRg,
Richmond1870,1xXgc7ehB3IikxlmG2VTZm9MksBxgVxgSr8nF0ffMN9k,
Newark1870,1cr40uFQCyzeOADuyOhsiMlNFgv2HHbzzLZ0Wb3n7d0g,
Alton1870,1d33hTV10VFhHW-ABsOJkXhGpU0FBSYh0p7c3-8wMPaQ,
Wilmington1870,19hX2dvFaNIDXh7PXIRDdAvIs-sJ8RfFv99asPSvkFsQ,
Erie1870,1HEkT-kAywjSKiw7F-H9RTHEN4I7eoRjzac3tSdG6lJc,
FortWayne1870,1J0AI1cayT3L0FjtKIjzAZ6kfahxMJvSoyOrth0Qj7eE,
Galveston1870,1BAkQA4Syi5N4sjoCaJMDyoj-Q--aB3tgDvYbQ3jgxWo,
LittleRock1870,1_CC89gUasD7WmT9lvTY79OTJAMgWY7IiNGtI69LCYUQ,
Louisville1870,113Gwsi_LtrnrsUzvqdmx4kh_1Yxz1k3m1353lFFyCw0,
Baltimore1870,17JT3SH0D9D_XOLWLyGGQIO9H_HGMZE1WGXzOhN5B6s8,
Alton1869,13h6jHerv-dq03utmJoWEUGw0Eh1-UbNcOPUWkPTzIfk,
Monterey1869,1qtS_XECRGKtYwxGQzELtoc9LJmLOmb0_XYnTcsCUwYQ,
Mobile1869,1jVQ3KCEIPCkkTPs3ztVWfXJcSuai6NJnx_hn-iHF0D4,
Milwaukee1869,1hY6Q-qw6I0_zoedNUnaAsm5CxrVs65BLUG0unH6oonQ,
Marquette1869,1xjcID08gcKL2pbhps2Ldf48oFE9wf3959FOhNshLZQs,
LittleRock1869,1IrHONJPhX4kDSehrNUNgV_m9oLBbruLVj2PtuOKZm4s,
Harrisburg1869,1zz0Tkcj6bEXIRuBXByNo6f-sU-fFK8wmV65J8-y1Shw,
GrassValley1869,1IVxzMsHF85Jy7462JIYg9n5uab2qd3D_0jg_YvBHbKI,
Newark1869,1V_9eq_oB0HkAM0CrsYLlBH5vCs8v9biGcni9bfjCp2M,
Richmond1869,15FwvhZUA8jnGee5cdhiitKUf6Q-yM4kmrMJQ0T3oUro,
Natchez1869,1TtiFLoFB5w8xQ9sm1iiAf_1wryqPEahAI3JwamOjTcg,
Brooklyn1869,10wmWkCTVIkuAyxCusmU-PT3LD968T_n-g_Ci-U8szkU,
OregonCity1869,1P3mK08pT6FWuqMK9U_0JfxezFs5TG4hOGNb22n_9L_g,
Pittsburgh1869,1RhoF1M0eCNwc4hqkQmf0Jk3IMDWBkocsUT2wD-Zl4Jc,
Boston1869,1PiVpxgt_PLYndl0VwTtJ5_HiNr6pj-fuQlrRw_DJfyc,
Baltimore1869,1f942s-i2Dwn_VKwLNc45sQkwjN2bJOVBCHFRoTKP_vo,
LaCrosse1869,1d43U75mlnuxQ6Rybtw3wh1nMQaaAS2YFlR3RB-snWWM,
GreenBay1869,1N9R7cAldIG033zO0oX8HGSOXEeQsG--V7hf5Xkg0R5s,
Galveston1869,1-_RkifXeYpG2rZhlHHabovKPDb8j7rWeijxG5WOuoVU,
Buffalo1869,1scdbDT_gb-PXYjKQ12uKEB_lh9mPyDoOPdCblO-I_Xw,
Albany1869,1UpgEULlPaBypcRCn4C0ODFeFyWflg-QFcHre4h-wALQ,
NewYorkCity1869,1-oDyTBrF9MfC-GvVi_ZLn7sWlPPiTrCIdNAs_cFD1oI,
Burlington1869,1lRO9WHu3_eN5aBELGl3WY9XknWLzIkLD-96rlik3xCo,
SanFrancisco1869,1ZoyFGSeZnxEYgIT33aszQEG4f9NyvgohYa7kQ5hSp9c,
VAFlorida1869,1Rtih3_4_rU8iLF-lBVdb1DGAgCwXtj8x6x0N9GBe9Dc,
Wilmington1869,1nE_hLrOr4F_wC-Qn0bDKsl_jzHtQSIie0v0NLp_zDkQ,
Charleston1869,16FoVRPPElRh_SgXIYwoUKOO_q9Ta7R6qoWpuq9Qygx4,
StJoseph1869,1dZGEawWjF7sSFwrcuNb7n-RYpcM08N5R-aKQ8bAsLhw,
Erie1869,1FcPBb_VZyY5Uir8xPSLvSw-SJImLeLz3t7ojAXkWFyY,
Portland1869,1CsOPOxqMYNMglv-axQzedukUHWEPXRSjCOcFuqgpzD4,
Natchitoches1869,10XtPmhZItNdVuokGh8eEuEDtv96fK3oLXCDeQuMddqk,
Rochester1869,1Ta8fiay0Iii0taEM2TAtsBece8x93P8UpEoBS8FDaWk,
VAIdaho1869,1qbxz8nPwKvFIRIMQckpdqtJa_GIjbz3Uk_KSudfmLrw,
VANorthCarolina1869,1GwtiXJ05bYkFwOvFX2wfhFJ5zfZCkSDHzHDjBe9zmGM,
VANebraska1869,1n2AYiNb9hTW7hNqNyl3TCCF-9lmO0x6L00tfXLqo7QI,
StPaul1869,16USV17INjOAAgQ-nQxLqB58ox9M2Cu8VQkZTlFt9oio,
StLouis1869,1FtXUhQPRfQ0B-GppunJC61pZ0u-E4Fa9yUqukvzlTjA,
Scranton1869,1-EPOi4626woiZnnXmHXYzedaG8VMezMim4neCgGK-NY,
Savannah1869,1nFBdBv-Kig0M0iWUkBj-TOvsphMfIfZYvkkdwhSW2NY,
SantaFe1869,1DzQmLP-xI4kmG6m6TVgFheBiX4ReCjUicfvSL7cLVRo,
Philadelphia1869,1MwWBuIqviGatToAWaqQeiYqey43SUkwzFrJAGGA5eRg,
NewOrleans1869,1xkDdLOkpCyg-YxQyrVjSkPYEQ0GGeWBdvzdwvPc-gko,
Nesqualy1869,1scMm54TIOqM7CbzmYsL6E3cWdtIdmnMWILh6W5nch5U,
Nashville1869,1y5-kvcVny1JhBOBTcymhdW8Mc-qlttkBtzF01aTpggo,
Boston1868,1bvI7yiqSZ4Nbr59mIqdiTSgtneLHQITZ4ucOl0muNss,
VANebraska1868,1Tr-Hfwq3owUci9k9-gYbSCPCiJX3SKSLcpPKaIZzLs4,
Nashville1868,1D7DYqNDFdqFdFmaQAY_OeSvnammxgNJ0LztqaB1IoUo,
NewOrleans1868,119vOebwvlAo4ofC9NblBUMvexl2k631BkMqrortzN24,
Buffalo1868,1ZjCVmReOwMvmO37EQSvw0jSTpFhZZ2r_811FIRBsH8Y,
Monterey1868,1o6421PP19ua-8bOcbBB7bYxp4CSYZXrEBvcFaPV6_-s,
SanFrancisco1868,1rMs9KhvMp_joelu6opBuphSg51O8PqsDOlKmw0RCXrU,
Pittsburgh1868,1a7Hg8xVa9WRT1EIk2E9NtRyTBxMZ20jpYwd9HT99XwM,
Erie1868,1nJ9VxWPdlFylDSkLq-JAb67CJPajVfdV_5KrDIDvIoU,
LittleRock1868,1yfZFe3ngZNpiF2nWrNNLbqzlgOgMGZvu2-XYcvE4-m8,
VAFlorida1868,1vginycx-mEckXOSDc-Ydr7RkYqE0tFe56PFJWEmfjKk,
Charleston1868,14fhL9cl0wIrQNXhOK7sN09cs2juIZ3KfBy3lwGHV2Bs,
VAMarysvilleCalifornia1868,1vAH63sPRogEpMKiYkBZzD6wh49VMqL8kVFCXdVS6310,
StPaul1868,15Bserd7nIzk60FlPhpxGEoXbmTXiADe3e-nGTV0RWR0,
Savannah1868,1Fxqp_REQ8zxOJ7H0-uzG9BxgwZLUcw7yys3o7-QcywA,
SantaFe1868,1Jj2emYaxQ9ktWfK3ZPi79uAVQtg9VC_zeakOycYr-fs,
Nesqualy1868,12rhzV_-qNcqUavdXnPiMz3_A7KqQfIcLX66Mu7LnLh8,
Mobile1868,10TopwrZe4dCkp5U9NcdQR02M6uaOapOPo8lMnRsiKzU,
Marquette1868,1LGM-aVtnsvN7J9SmNZrjWoV8c83fkGWwWUUuITVnlUU,
Galveston1868,1g4iI8kCJtpcOVyskNNC1YGUuKU8NESnvNSMoiYyd9lI,
Burlington1868,1V1C1V6Hv74m7BcTOC96O03WZ9UgKLsAs3oUcJtgy8iE,
Newark1868,1uSre9USQsdY49o_NYyYKpwUMw44zTGtekKQdUtXOrh8,
NewYorkCity1868,137TUQwawYcrCDM_neLJdT1PNBgOW4tzu_VsnELjt_v4,
Richmond1868,1C0iKwvqnoS0mqXC096t4Lf_3T53e5bI_EFDcJFVK3r0,
Alton1868,1XD0BdigxgadJdnfjK6PczmxpXWLrnx-l76zVCFrRMqs,
Brooklyn1868,18KnPXPNPTNtL5El1Y-Wvf0i0HGeYl39IKVrEPHJGwCU,
Philadelphia1868,1XN4I2Ln9vMk2YYYoMUyMtopDyWe7v_vvwZ3GuxYAv3k,
Natchez1868,1GEomTn5im707BPielA7IodWeo89ztfAcY4E-8zMojAY,
OregonCity1868,1sPSrDoB21XAL4Yo-UISitckscFTyhnitULDl9CZusag,
Baltimore1868,1B7y7wVMC2yYA03ax3WngDvHUOEFSFCnNm4IUIbHQ8QE,
Brooklyn1867,1xOOHhn-cqGrGKl4E5dxymXUOzqT_b9TQFjUh44NO6bo,
Nesqualy1867,1XfkpKTqNvKlk-yela-VqSeIm7F3RiNLFMWuE9nAxGGA,
Galveston1867,1QB-RNQTIpknOyF3qASZ6I3qWVJJJjIcQL6_qUHD5xqI,
Monterey1867,1AVHq6TEHb87WCYR2WtkL7d8Q7iuMCO2c53yFCeEYylY,
SanFrancisco1867,1HdzJ0-4TNlf5eecd-vkKBb2lEEAlXqr4wLntkXyFrBE,
StPaul1867,1uHESJj607ABKi5yDzL_TWbrOfMSXv3LfdrJEDgOd3yE,
Newark1867,131qX6ILuAO5g5BwKxX5rZ9psJZlry5RK7kvSDrl5cNA,
VAMarysvilleCalifornia1867,1FvAfjXj_Nj2_-hVeb09wsu07slXSg4Lrl0Jt5aBd-EQ,
SantaFe1867,1Z-s7LoQzEY9rJLMHFTdAOhPx76NTYUWZVKEVyw-Hlvo,
Richmond1867,1PLqEYbwvaHc1vZmbVgvQHwZneOP2FJxz1aXSW0SVqF4,
NewYorkCity1867,1sC3iyeuUiinr07XlTxiprXZXhGlEmZe8X6zV09x53e0,
OregonCity1867,1SYd-w4FAHhJN2jJpyVgtIJPAbY6B-yw-m_StWMYX64I,
Alton1867,1eeTbwidWuYZmRCAbKonnGBD-YVuH0RWgsJkpZARnGEg,
Baltimore1867,16MCwNFo-w5U-Lv_WPomUuaG25X562hQbdLEhcKsFeEA,
VANebraska1867,1VyGwwK14bkLedPAtuz6edQeSAsUWgc5YopQMUqVbVO0,
Savannah 1867,1Piz6CTONjUGHrpQmysjicGmG-ihDQwOT5ga-b_0wr1w,
Brooklyn1866,1IAngAnI6Rjf67_xSimJ_1F3GziAKGTtsS5SCkm5H2Mo,
Newark1866,19aAr2yftK4-bi5BuRP6sJsKiIF-4wL8rn_131rNym84,
NewYorkCity1866,1vpZK1ENyFRDz2X9vZfdB4h_T-z2TBjM2zUACLGZlutg,
Richmond1866,1-EX0FYUwxxq8GWnHYXk3u3RzPXIkz7ysmYwJQiVFoo0,
Monterey1866,1TYWBwZC861ahu-T5dGBGwX_c5tv5kt6mC1rjsVYk4_M,
VAMarysvilleCalifornia1866,10TxT9zMZJEHFZH5lofDOdqRT8g90Xpuzn048Yb666T4,
SantaFe1866,1xsAJgJBo1w5oPTRFkCJWrRfZAh362KDY5KRnnbzCKYY,
SanFrancisco1866,1aUk_-ABg8k_8twsqVmcf39hgwGVAAelUHpRG2NLKZ9U,
OregonCity1866,1L19u1xoqX1yoV9gsBufih8Gm2LD2LgJ-4hP1jmQn56Q,
Nesqualy1866,1Vig1anJKN1E6SNNi5Hq166TL4tjB_b56NZ4-GnH3vC4,
Baltimore1866,1rN1ct11m57pcnijPpQJgefhw0u0cqtfWNgi9dw9hkS0,
Nesqualy1865,1Xl665efUxOWdWXme3Jj8G8Vecplv-NI-gVlBHBMP7y8,
VAMarysvilleCalifornia1865,1jGPZFs1In-L0ARQnqzWDFjaslmKTqmr3btgR8HGM9L0,
SantaFe1865,1GcpzQ1t2jLY7zsb8p0KuKfFZxr-gJxMNO1svr3MTjTM,
SanFrancisco1865,17QGS15oGkfLKr7ztS8ye6jN0QXmOmt4z_xHiJpH9ejU,
OregonCity1865,1SdvVEvEhPIVZaaolkgmwSXZKYsAg6eU7Zn991eJXEb8,
Monterey1865,1v6dUYWxaeWTF24fEaAtY_IryoA7HAKYWjlu8vRmh4R8,
Nesqualy1864,1sGaZxoj-Vs_aCFke1clypsR-6rMG61fJsC93Z_HPavc,
SantaFe1864,1P2DhV8eC-UkVCuPVHdbR3DWetr7K0JuZyQ8pGlTAOwo,
SanFrancisco1864,1sGtOklZAXiWbW_rmA3NWlDWUGS2EKWI8FWQkc5dUbxQ,
OregonCity1864,1fK3asoDRB-kv7_5OWfzttdkqymC49l5mYcBgwqiGHK0,
Monterey1864,1yw1_RPtAzPPTaTkUUKxZsaQQdr5L2RCuu1SwII7t_vI,
